{
  "main": {
    "id": "cc1d42623339104a",
    "type": "split",
    "children": [
      {
        "id": "a59702f4b3cd3d7b",
        "type": "tabs",
        "children": [
          {
            "id": "4a6df7a9ce034c3e",
            "type": "leaf",
            "state": {
              "type": "empty",
              "state": {}
            }
          }
        ]
      }
    ],
    "direction": "vertical"
  },
  "left": {
    "id": "f19a399731d02304",
    "type": "mobile-drawer",
    "children": [
      {
        "id": "37895be4fafc514d",
        "type": "leaf",
        "state": {
          "type": "file-explorer",
          "state": {
            "sortOrder": "alphabetical"
          }
        }
      },
      {
        "id": "06660ee138927700",
        "type": "leaf",
        "state": {
          "type": "search",
          "state": {
            "query": "",
            "matchingCase": false,
            "explainSearch": false,
            "collapseAll": false,
            "extraContext": false,
            "sortOrder": "alphabetical"
          }
        }
      },
      {
        "id": "2e022879f52f0044",
        "type": "leaf",
        "state": {
          "type": "tag",
          "state": {
            "sortOrder": "frequency",
            "useHierarchy": true
          }
        }
      },
      {
        "id": "6a7deb7729e902ea",
        "type": "leaf",
        "state": {
          "type": "starred",
          "state": {}
        }
      }
    ],
    "currentTab": 0
  },
  "right": {
    "id": "70abf115cc945ee6",
    "type": "mobile-drawer",
    "children": [
      {
        "id": "2dc0a6c7b58bd5e2",
        "type": "leaf",
        "state": {
          "type": "backlink",
          "state": {
            "collapseAll": false,
            "extraContext": false,
            "sortOrder": "alphabetical",
            "showSearch": false,
            "searchQuery": "",
            "backlinkCollapsed": false,
            "unlinkedCollapsed": true
          }
        }
      },
      {
        "id": "51eb49d0174c16a6",
        "type": "leaf",
        "state": {
          "type": "outgoing-link",
          "state": {
            "linksCollapsed": false,
            "unlinkedCollapsed": true
          }
        }
      },
      {
        "id": "e0bdcdd668a878bd",
        "type": "leaf",
        "state": {
          "type": "outline",
          "state": {}
        }
      },
      {
        "id": "8eda95d663a42c6e",
        "type": "leaf",
        "state": {
          "type": "calendar",
          "state": {}
        }
      }
    ]
  },
  "left-ribbon": {
    "hiddenItems": {
      "obsidian-excalidraw-plugin:New Excalidraw drawing": false,
      "obsidian-to-notion:Share to notion": false,
      "switcher:Open quick switcher": false,
      "graph:Open graph view": false,
      "canvas:Create new canvas": false,
      "daily-notes:Open today's daily note": false,
      "templates:Insert template": false,
      "command-palette:Open command palette": false
    }
  },
  "active": "37895be4fafc514d",
  "lastOpenFiles": [
    "2023-02-22.md",
    "Untitled 1.canvas",
    "newtrail.md",
    "Untitled.canvas"
  ]
}