{
  "main": {
    "id": "a36d7a074f8230bb",
    "type": "split",
    "children": [
      {
        "id": "2be1a642b08d7d9a",
        "type": "tabs",
        "children": [
          {
            "id": "faff0f75669a3632",
            "type": "leaf",
            "state": {
              "type": "markdown",
              "state": {
                "file": "图片链接地址.md",
                "mode": "source",
                "source": false
              }
            }
          },
          {
            "id": "703779277be9c461",
            "type": "leaf",
            "state": {
              "type": "memos_view",
              "state": {}
            }
          },
          {
            "id": "2702cb40d188c3fa",
            "type": "leaf",
            "state": {
              "type": "kanban",
              "state": {
                "file": "Untitled Kanban 1.md"
              }
            }
          },
          {
            "id": "c590c0fda613ea31",
            "type": "leaf",
            "state": {
              "type": "markdown",
              "state": {
                "file": "图片链接地址.md",
                "mode": "source",
                "source": false
              }
            }
          },
          {
            "id": "356f8eae03da2841",
            "type": "leaf",
            "state": {
              "type": "markdown",
              "state": {
                "file": "大数投资.md",
                "mode": "source",
                "source": false
              }
            }
          }
        ],
        "currentTab": 4
      }
    ],
    "direction": "vertical"
  },
  "left": {
    "id": "53c8d35a9d464650",
    "type": "split",
    "children": [
      {
        "id": "98d66c8b6af5045f",
        "type": "tabs",
        "children": [
          {
            "id": "36d90cf40f4adbe5",
            "type": "leaf",
            "state": {
              "type": "file-explorer",
              "state": {
                "sortOrder": "alphabetical"
              }
            }
          },
          {
            "id": "e66b422dfe659f76",
            "type": "leaf",
            "state": {
              "type": "search",
              "state": {
                "query": "a",
                "matchingCase": false,
                "explainSearch": false,
                "collapseAll": true,
                "extraContext": false,
                "sortOrder": "alphabetical"
              }
            }
          },
          {
            "id": "dcde30334c9a009f",
            "type": "leaf",
            "state": {
              "type": "starred",
              "state": {}
            }
          },
          {
            "id": "52386537650b48fb",
            "type": "leaf",
            "state": {
              "type": "recent-files",
              "state": {}
            }
          }
        ]
      }
    ],
    "direction": "horizontal",
    "width": 239.50260543823242
  },
  "right": {
    "id": "c175106ce24ab382",
    "type": "split",
    "children": [
      {
        "id": "2ad62707f012fcfe",
        "type": "tabs",
        "children": [
          {
            "id": "c5720f3ba849a4e7",
            "type": "leaf",
            "state": {
              "type": "backlink",
              "state": {
                "file": "大数投资.md",
                "collapseAll": false,
                "extraContext": false,
                "sortOrder": "alphabetical",
                "showSearch": false,
                "searchQuery": "",
                "backlinkCollapsed": false,
                "unlinkedCollapsed": true
              }
            }
          },
          {
            "id": "8b39534951de8d34",
            "type": "leaf",
            "state": {
              "type": "outgoing-link",
              "state": {
                "file": "大数投资.md",
                "linksCollapsed": false,
                "unlinkedCollapsed": true
              }
            }
          },
          {
            "id": "6174febeef3da573",
            "type": "leaf",
            "state": {
              "type": "tag",
              "state": {
                "sortOrder": "frequency",
                "useHierarchy": true
              }
            }
          },
          {
            "id": "a7f36191c10900af",
            "type": "leaf",
            "state": {
              "type": "outline",
              "state": {
                "file": "大数投资.md"
              }
            }
          },
          {
            "id": "325384cc81907f90",
            "type": "leaf",
            "state": {
              "type": "calendar",
              "state": {}
            }
          }
        ],
        "currentTab": 4
      }
    ],
    "direction": "horizontal",
    "width": 294.5,
    "collapsed": true
  },
  "left-ribbon": {
    "hiddenItems": {
      "obsidian-excalidraw-plugin:New Excalidraw drawing": false,
      "switcher:Open quick switcher": false,
      "graph:Open graph view": false,
      "canvas:Create new canvas": false,
      "daily-notes:Open today's daily note": false,
      "templates:Insert template": false,
      "command-palette:Open command palette": false,
      "obsidian-to-notion:Share to notion": false,
      "obsidian-memos:Memos": false
    }
  },
  "active": "356f8eae03da2841",
  "lastOpenFiles": [
    "图片链接地址.md",
    "大数投资.md",
    "模型评价.md",
    "Untitled Kanban 1.md",
    "固收.md",
    "Untitled",
    "01_日记/20230227_Mon.md",
    "Untitled mindmap 1.md",
    "07_写作输出",
    "0",
    "02_编程相关/Obsidian 操作.md",
    "05_电影音乐色彩",
    "04_心理历史神经科学",
    "03_经济金融科技商业/CFA相关",
    "03_经济金融科技商业",
    "06_运动保养瑜伽/皮肤/00_attachments/得到App_2023-02-26_11-56-51.png",
    "01_日记/2023-02-22.md",
    "01_日记/2023-02-25.md",
    "01_日记/2023-02-23.md",
    "Pasted image 20230226173053.png",
    "01_日记/20230226_Sun.md",
    "06_运动保养瑜伽/皮肤/00_attachments/得到App_2023-02-26_11-56-47.png",
    "02_编程相关/Markdown语法.md",
    "06_运动保养瑜伽/皮肤/00_attachments",
    "01_日记/00_attachments",
    "02_编程相关/00_attachments",
    "06_运动保养瑜伽/皮肤/Basic.md",
    "2023-02-25.md",
    "1.md",
    "00_Templates/日记模板.md",
    "2023-02-26.md",
    "链接地址.md",
    "Markdown 1.md",
    "06_运动保养瑜伽/皮肤/00_attachments/得到App_2023-02-26_11-56-56.png",
    "06_运动保养瑜伽/皮肤/00_attachments/得到App_2023-02-26_11-57-00.png",
    "Untitled Kanban.md",
    "Untitled 2.canvas",
    "Excalidraw/Drawing 2023-02-25 21.53.22.excalidraw.md",
    "Excalidraw/Drawing 2023-02-25 21.53.18.excalidraw.md",
    "Untitled 3.canvas",
    "newtrail.md",
    "01_日记/20230222.md",
    "能差得多吗D“，.md",
    "Untitled.canvas",
    "Untitled 1.canvas"
  ]
}